{
  "model": "MambaVision_S_FFTWavelet_FullImage",
  "input_channels": 7,
  "feature_channels": "3 RGB + 1 FFT + 3 Wavelet (Haar H/V/D)",
  "num_epochs": 80,
  "best_val_accuracy": 0.970443,
  "best_val_accuracy_pct": 97.04,
  "best_epoch": 17,
  "test_accuracy_pct": 96.23,
  "avg_epoch_time_seconds": 23.92,
  "inference_latency_ms": 0.94,
  "peak_gpu_memory_gb": 2.03,
  "training_curves": {
    "epochs": [
      1,
      2,
      3,
      4,
      5,
      6,
      7,
      8,
      9,
      10,
      11,
      12,
      13,
      14,
      15,
      16,
      17,
      18,
      19,
      20,
      21,
      22,
      23,
      24,
      25,
      26,
      27,
      28,
      29,
      30,
      31,
      32,
      33,
      34,
      35,
      36,
      37,
      38,
      39,
      40,
      41,
      42,
      43,
      44,
      45,
      46,
      47,
      48,
      49,
      50,
      51,
      52,
      53,
      54,
      55,
      56,
      57,
      58,
      59,
      60,
      61,
      62,
      63,
      64,
      65,
      66,
      67,
      68,
      69,
      70,
      71,
      72,
      73,
      74,
      75,
      76,
      77,
      78,
      79,
      80
    ],
    "train_losses": [
      2.354196,
      1.979275,
      1.579868,
      1.343235,
      1.141064,
      1.068091,
      0.92735,
      0.855124,
      0.807777,
      0.754928,
      0.723166,
      0.708417,
      0.66943,
      0.653467,
      0.658932,
      0.653795,
      0.628631,
      0.623124,
      0.617066,
      0.602312,
      0.601423,
      0.607544,
      0.598016,
      0.591501,
      0.587981,
      0.575323,
      0.580292,
      0.574796,
      0.575978,
      0.572297,
      0.57318,
      0.575486,
      0.570319,
      0.568596,
      0.56808,
      0.565629,
      0.558264,
      0.558497,
      0.564324,
      0.550621,
      0.559981,
      0.551776,
      0.563772,
      0.545376,
      0.557994,
      0.556477,
      0.560513,
      0.553639,
      0.556105,
      0.538851,
      0.54764,
      0.551759,
      0.545239,
      0.554655,
      0.550025,
      0.544073,
      0.547603,
      0.549699,
      0.550006,
      0.546631,
      0.550211,
      0.553988,
      0.551862,
      0.549202,
      0.539962,
      0.547276,
      0.548484,
      0.535989,
      0.541146,
      0.5417,
      0.544829,
      0.542741,
      0.541279,
      0.539594,
      0.545503,
      0.551431,
      0.541641,
      0.544528,
      0.548868,
      0.544539
    ],
    "val_losses": [
      2.275224,
      1.890304,
      1.552353,
      1.337764,
      1.18598,
      1.056391,
      0.972805,
      0.890958,
      0.834238,
      0.817765,
      0.802232,
      0.785837,
      0.793956,
      0.767783,
      0.753092,
      0.760722,
      0.74567,
      0.757361,
      0.733731,
      0.7304,
      0.74671,
      0.731999,
      0.742313,
      0.728526,
      0.725655,
      0.736145,
      0.729727,
      0.727656,
      0.729648,
      0.723597,
      0.712313,
      0.721554,
      0.71542,
      0.70551,
      0.718018,
      0.711903,
      0.708105,
      0.713708,
      0.712445,
      0.719552,
      0.711913,
      0.709647,
      0.710038,
      0.706995,
      0.704185,
      0.712717,
      0.708671,
      0.702038,
      0.71027,
      0.711183,
      0.709068,
      0.706498,
      0.710179,
      0.716571,
      0.716287,
      0.710044,
      0.717707,
      0.714523,
      0.708689,
      0.703519,
      0.703591,
      0.703958,
      0.704898,
      0.704555,
      0.705476,
      0.705664,
      0.706115,
      0.710203,
      0.706517,
      0.708467,
      0.703108,
      0.702949,
      0.705544,
      0.704183,
      0.700571,
      0.707597,
      0.705292,
      0.706837,
      0.705606,
      0.712197
    ],
    "val_accuracies": [
      0.310345,
      0.310345,
      0.512315,
      0.571429,
      0.704433,
      0.763547,
      0.832512,
      0.91133,
      0.921182,
      0.935961,
      0.921182,
      0.940887,
      0.940887,
      0.960591,
      0.960591,
      0.965517,
      0.970443,
      0.945813,
      0.965517,
      0.965517,
      0.945813,
      0.965517,
      0.965517,
      0.970443,
      0.965517,
      0.965517,
      0.960591,
      0.965517,
      0.965517,
      0.965517,
      0.965517,
      0.970443,
      0.970443,
      0.970443,
      0.965517,
      0.970443,
      0.970443,
      0.970443,
      0.970443,
      0.965517,
      0.965517,
      0.965517,
      0.970443,
      0.965517,
      0.970443,
      0.970443,
      0.965517,
      0.970443,
      0.970443,
      0.965517,
      0.965517,
      0.965517,
      0.965517,
      0.965517,
      0.970443,
      0.965517,
      0.965517,
      0.965517,
      0.965517,
      0.970443,
      0.970443,
      0.965517,
      0.970443,
      0.970443,
      0.970443,
      0.970443,
      0.970443,
      0.970443,
      0.970443,
      0.970443,
      0.970443,
      0.970443,
      0.970443,
      0.970443,
      0.970443,
      0.970443,
      0.970443,
      0.970443,
      0.970443,
      0.970443
    ],
    "epoch_times": [
      24.15,
      23.92,
      24.0,
      23.72,
      23.76,
      23.86,
      24.05,
      23.93,
      23.87,
      23.8,
      23.88,
      23.97,
      23.75,
      23.9,
      24.05,
      23.89,
      23.89,
      23.89,
      24.13,
      24.03,
      24.07,
      23.98,
      24.04,
      24.0,
      23.92,
      23.78,
      23.87,
      23.86,
      24.04,
      24.0,
      24.09,
      23.85,
      23.64,
      23.87,
      23.92,
      23.86,
      24.06,
      24.07,
      23.91,
      24.09,
      23.7,
      23.77,
      23.94,
      24.03,
      24.02,
      24.07,
      23.87,
      23.74,
      23.93,
      23.85,
      23.94,
      23.85,
      23.96,
      24.07,
      23.94,
      24.07,
      23.86,
      23.72,
      23.78,
      23.93,
      23.85,
      23.99,
      23.95,
      23.78,
      23.94,
      23.87,
      24.0,
      23.74,
      23.93,
      23.79,
      24.11,
      24.08,
      24.01,
      23.76,
      23.79,
      23.85,
      23.86,
      23.84,
      23.96,
      23.86
    ]
  }
}