{
  "model": "MambaVision_S_FFTWavelet",
  "input_channels": 7,
  "feature_channels": "3 RGB + 1 FFT + 3 Wavelet (Haar H/V/D)",
  "num_epochs": 80,
  "best_val_accuracy": 0.906404,
  "best_val_accuracy_pct": 90.64,
  "best_epoch": 54,
  "test_accuracy_pct": 82.08,
  "avg_epoch_time_seconds": 15.92,
  "inference_latency_ms": 0.98,
  "peak_gpu_memory_gb": 2.03,
  "training_curves": {
    "epochs": [
      1,
      2,
      3,
      4,
      5,
      6,
      7,
      8,
      9,
      10,
      11,
      12,
      13,
      14,
      15,
      16,
      17,
      18,
      19,
      20,
      21,
      22,
      23,
      24,
      25,
      26,
      27,
      28,
      29,
      30,
      31,
      32,
      33,
      34,
      35,
      36,
      37,
      38,
      39,
      40,
      41,
      42,
      43,
      44,
      45,
      46,
      47,
      48,
      49,
      50,
      51,
      52,
      53,
      54,
      55,
      56,
      57,
      58,
      59,
      60,
      61,
      62,
      63,
      64,
      65,
      66,
      67,
      68,
      69,
      70,
      71,
      72,
      73,
      74,
      75,
      76,
      77,
      78,
      79,
      80
    ],
    "train_losses": [
      2.364795,
      2.101664,
      1.820315,
      1.666751,
      1.494367,
      1.357783,
      1.195179,
      1.117732,
      1.05829,
      0.99769,
      0.975495,
      0.919543,
      0.881981,
      0.865309,
      0.872254,
      0.828843,
      0.788037,
      0.80734,
      0.807226,
      0.783776,
      0.756155,
      0.754407,
      0.760425,
      0.744425,
      0.740267,
      0.730962,
      0.731162,
      0.727017,
      0.723729,
      0.688312,
      0.726345,
      0.70582,
      0.69067,
      0.682796,
      0.687767,
      0.682415,
      0.683526,
      0.673839,
      0.671205,
      0.676458,
      0.678456,
      0.665281,
      0.666568,
      0.662103,
      0.663126,
      0.663959,
      0.664111,
      0.643097,
      0.65543,
      0.63895,
      0.646361,
      0.636697,
      0.649292,
      0.649634,
      0.641289,
      0.622689,
      0.628588,
      0.641007,
      0.632668,
      0.629317,
      0.648277,
      0.650923,
      0.637864,
      0.628332,
      0.642787,
      0.623432,
      0.63391,
      0.626003,
      0.634589,
      0.639839,
      0.640101,
      0.616078,
      0.624643,
      0.625459,
      0.626841,
      0.630601,
      0.637846,
      0.621262,
      0.640064,
      0.624463
    ],
    "val_losses": [
      2.327997,
      2.178293,
      1.933435,
      1.80539,
      1.612922,
      1.478565,
      1.367153,
      1.281865,
      1.20945,
      1.175206,
      1.147378,
      1.132752,
      1.130238,
      1.096937,
      1.089141,
      1.068716,
      1.122776,
      1.068799,
      1.036383,
      1.017725,
      1.029074,
      1.018681,
      0.992816,
      0.995438,
      0.986039,
      1.004052,
      0.96987,
      1.002472,
      1.017891,
      1.016837,
      0.951806,
      0.98623,
      0.989548,
      0.983731,
      1.016528,
      0.969392,
      0.939332,
      0.968563,
      0.968913,
      0.955436,
      0.981203,
      0.971268,
      0.99604,
      0.949103,
      0.975713,
      0.960523,
      0.953545,
      0.962385,
      0.963091,
      0.967936,
      0.947734,
      0.948672,
      0.975714,
      0.949614,
      0.94794,
      0.967908,
      0.959491,
      0.952186,
      0.958927,
      0.957275,
      0.951025,
      0.986754,
      0.945946,
      0.945466,
      0.951302,
      0.950235,
      0.941925,
      0.931415,
      0.949871,
      0.948738,
      0.938789,
      0.959034,
      0.946757,
      0.944886,
      0.946163,
      0.953465,
      0.960095,
      0.943632,
      0.934458,
      0.944524
    ],
    "val_accuracies": [
      0.211823,
      0.20197,
      0.300493,
      0.35468,
      0.487685,
      0.605911,
      0.635468,
      0.679803,
      0.768473,
      0.802956,
      0.817734,
      0.807882,
      0.802956,
      0.812808,
      0.807882,
      0.82266,
      0.788177,
      0.807882,
      0.832512,
      0.837438,
      0.857143,
      0.837438,
      0.862069,
      0.857143,
      0.866995,
      0.852217,
      0.852217,
      0.857143,
      0.832512,
      0.842365,
      0.876847,
      0.866995,
      0.871921,
      0.866995,
      0.837438,
      0.852217,
      0.896552,
      0.866995,
      0.862069,
      0.896552,
      0.862069,
      0.891626,
      0.852217,
      0.8867,
      0.871921,
      0.8867,
      0.862069,
      0.866995,
      0.881773,
      0.866995,
      0.881773,
      0.8867,
      0.881773,
      0.906404,
      0.896552,
      0.896552,
      0.881773,
      0.881773,
      0.8867,
      0.8867,
      0.8867,
      0.871921,
      0.8867,
      0.876847,
      0.891626,
      0.876847,
      0.891626,
      0.891626,
      0.891626,
      0.881773,
      0.891626,
      0.896552,
      0.8867,
      0.876847,
      0.891626,
      0.891626,
      0.876847,
      0.891626,
      0.881773,
      0.896552
    ],
    "epoch_times": [
      15.12,
      14.39,
      14.54,
      14.66,
      14.98,
      15.31,
      15.34,
      15.27,
      15.26,
      15.32,
      15.31,
      15.4,
      15.56,
      15.57,
      15.62,
      15.66,
      15.51,
      15.71,
      15.86,
      15.52,
      15.57,
      15.61,
      15.86,
      15.71,
      15.97,
      15.73,
      15.78,
      15.94,
      15.99,
      15.92,
      16.07,
      15.82,
      15.99,
      16.04,
      16.05,
      15.96,
      16.03,
      15.92,
      15.92,
      16.06,
      16.06,
      16.08,
      16.02,
      16.33,
      16.02,
      16.52,
      16.3,
      16.25,
      16.15,
      16.08,
      16.45,
      16.26,
      16.13,
      16.28,
      16.03,
      16.15,
      16.38,
      16.22,
      16.21,
      16.16,
      16.35,
      16.48,
      16.45,
      16.22,
      16.45,
      16.16,
      16.22,
      16.21,
      16.14,
      16.21,
      16.51,
      16.55,
      16.31,
      16.34,
      16.1,
      16.22,
      16.2,
      16.36,
      16.24,
      16.3
    ]
  }
}