{
  "model": "MambaVision_S_FullImage",
  "data": "Master_Soil_Moisture (full images)",
  "num_epochs": 80,
  "best_val_accuracy": 0.970443,
  "best_val_accuracy_pct": 97.04,
  "best_epoch": 15,
  "test_accuracy_pct": 95.28,
  "avg_epoch_time_seconds": 21.43,
  "inference_latency_ms": 0.98,
  "peak_gpu_memory_gb": 2.01,
  "training_curves": {
    "epochs": [
      1,
      2,
      3,
      4,
      5,
      6,
      7,
      8,
      9,
      10,
      11,
      12,
      13,
      14,
      15,
      16,
      17,
      18,
      19,
      20,
      21,
      22,
      23,
      24,
      25,
      26,
      27,
      28,
      29,
      30,
      31,
      32,
      33,
      34,
      35,
      36,
      37,
      38,
      39,
      40,
      41,
      42,
      43,
      44,
      45,
      46,
      47,
      48,
      49,
      50,
      51,
      52,
      53,
      54,
      55,
      56,
      57,
      58,
      59,
      60,
      61,
      62,
      63,
      64,
      65,
      66,
      67,
      68,
      69,
      70,
      71,
      72,
      73,
      74,
      75,
      76,
      77,
      78,
      79,
      80
    ],
    "train_losses": [
      2.346797,
      1.932624,
      1.542482,
      1.286191,
      1.136346,
      0.982641,
      0.878364,
      0.793875,
      0.745893,
      0.726513,
      0.691729,
      0.6764,
      0.677727,
      0.651377,
      0.627648,
      0.629804,
      0.614651,
      0.60894,
      0.597475,
      0.59471,
      0.594556,
      0.581937,
      0.581624,
      0.567071,
      0.578506,
      0.582043,
      0.573704,
      0.575403,
      0.578386,
      0.563124,
      0.564393,
      0.56908,
      0.567604,
      0.559315,
      0.558246,
      0.559688,
      0.557661,
      0.552261,
      0.547292,
      0.55464,
      0.56148,
      0.561259,
      0.557316,
      0.553414,
      0.547753,
      0.547413,
      0.545109,
      0.546627,
      0.551012,
      0.55244,
      0.544687,
      0.544576,
      0.539833,
      0.545253,
      0.544677,
      0.549254,
      0.53989,
      0.54837,
      0.545083,
      0.55209,
      0.533079,
      0.537054,
      0.54784,
      0.543379,
      0.543929,
      0.545452,
      0.539031,
      0.543877,
      0.536436,
      0.545611,
      0.547883,
      0.538016,
      0.552345,
      0.536586,
      0.545464,
      0.5416,
      0.538995,
      0.531708,
      0.545668,
      0.536061
    ],
    "val_losses": [
      2.275487,
      1.818468,
      1.53017,
      1.300925,
      1.140976,
      1.02021,
      0.896213,
      0.831583,
      0.808655,
      0.809392,
      0.795719,
      0.769519,
      0.757153,
      0.749163,
      0.749952,
      0.751165,
      0.741356,
      0.750444,
      0.726654,
      0.743027,
      0.727486,
      0.725279,
      0.721441,
      0.730006,
      0.733905,
      0.729224,
      0.731095,
      0.726902,
      0.73286,
      0.726186,
      0.718377,
      0.712979,
      0.717763,
      0.70872,
      0.72015,
      0.724756,
      0.706264,
      0.714312,
      0.712003,
      0.70969,
      0.709673,
      0.707104,
      0.713655,
      0.714193,
      0.711789,
      0.712742,
      0.707698,
      0.709403,
      0.712064,
      0.7071,
      0.710666,
      0.708031,
      0.714998,
      0.708114,
      0.708575,
      0.709319,
      0.710862,
      0.708791,
      0.715975,
      0.712142,
      0.711689,
      0.716082,
      0.715754,
      0.714321,
      0.71562,
      0.705634,
      0.71102,
      0.708264,
      0.709229,
      0.713448,
      0.716761,
      0.709241,
      0.711227,
      0.715377,
      0.711579,
      0.710357,
      0.712582,
      0.711448,
      0.71849,
      0.71296
    ],
    "val_accuracies": [
      0.280788,
      0.399015,
      0.635468,
      0.596059,
      0.748768,
      0.743842,
      0.896552,
      0.916256,
      0.935961,
      0.935961,
      0.945813,
      0.965517,
      0.965517,
      0.955665,
      0.970443,
      0.950739,
      0.970443,
      0.970443,
      0.970443,
      0.970443,
      0.970443,
      0.970443,
      0.970443,
      0.970443,
      0.970443,
      0.970443,
      0.970443,
      0.970443,
      0.970443,
      0.970443,
      0.970443,
      0.970443,
      0.970443,
      0.970443,
      0.970443,
      0.970443,
      0.970443,
      0.970443,
      0.970443,
      0.970443,
      0.970443,
      0.970443,
      0.970443,
      0.970443,
      0.970443,
      0.970443,
      0.970443,
      0.970443,
      0.970443,
      0.970443,
      0.970443,
      0.970443,
      0.970443,
      0.970443,
      0.970443,
      0.970443,
      0.970443,
      0.970443,
      0.970443,
      0.970443,
      0.970443,
      0.970443,
      0.970443,
      0.970443,
      0.970443,
      0.970443,
      0.970443,
      0.970443,
      0.970443,
      0.970443,
      0.970443,
      0.970443,
      0.970443,
      0.970443,
      0.970443,
      0.970443,
      0.970443,
      0.970443,
      0.970443,
      0.970443
    ],
    "epoch_times": [
      22.12,
      21.44,
      21.52,
      21.36,
      21.48,
      21.51,
      21.47,
      21.36,
      21.45,
      21.59,
      21.41,
      21.4,
      21.43,
      21.36,
      21.33,
      21.38,
      21.28,
      21.44,
      21.44,
      21.35,
      21.52,
      21.22,
      21.49,
      21.33,
      21.51,
      21.48,
      21.58,
      21.47,
      21.44,
      21.28,
      21.49,
      21.42,
      21.48,
      21.39,
      21.38,
      21.54,
      21.32,
      21.54,
      21.49,
      21.42,
      21.43,
      21.37,
      21.33,
      21.34,
      21.27,
      21.53,
      21.56,
      21.47,
      21.33,
      21.46,
      21.39,
      21.28,
      21.33,
      21.52,
      21.31,
      21.51,
      21.38,
      21.32,
      21.43,
      21.29,
      21.56,
      21.28,
      21.35,
      21.56,
      21.44,
      21.28,
      21.48,
      21.49,
      21.46,
      21.51,
      21.41,
      21.46,
      21.2,
      21.34,
      21.36,
      21.57,
      21.45,
      21.31,
      21.51,
      21.44
    ]
  }
}