{
  "model": "MambaVision_S",
  "num_epochs": 80,
  "best_val_accuracy": 0.906404,
  "best_val_accuracy_pct": 90.64,
  "best_epoch": 36,
  "test_accuracy_pct": 85.85,
  "avg_epoch_time_seconds": 15.43,
  "inference_latency_ms": 0.9,
  "peak_gpu_memory_gb": 2.01,
  "training_curves": {
    "epochs": [
      1,
      2,
      3,
      4,
      5,
      6,
      7,
      8,
      9,
      10,
      11,
      12,
      13,
      14,
      15,
      16,
      17,
      18,
      19,
      20,
      21,
      22,
      23,
      24,
      25,
      26,
      27,
      28,
      29,
      30,
      31,
      32,
      33,
      34,
      35,
      36,
      37,
      38,
      39,
      40,
      41,
      42,
      43,
      44,
      45,
      46,
      47,
      48,
      49,
      50,
      51,
      52,
      53,
      54,
      55,
      56,
      57,
      58,
      59,
      60,
      61,
      62,
      63,
      64,
      65,
      66,
      67,
      68,
      69,
      70,
      71,
      72,
      73,
      74,
      75,
      76,
      77,
      78,
      79,
      80
    ],
    "train_losses": [
      2.354755,
      2.057728,
      1.720813,
      1.499612,
      1.283921,
      1.212045,
      1.0777,
      1.017,
      0.999313,
      0.916239,
      0.891645,
      0.854509,
      0.841112,
      0.815314,
      0.785414,
      0.779209,
      0.774798,
      0.748917,
      0.730441,
      0.739177,
      0.71242,
      0.723215,
      0.700548,
      0.686567,
      0.704607,
      0.689754,
      0.694745,
      0.664124,
      0.684515,
      0.664468,
      0.692063,
      0.668791,
      0.656778,
      0.660865,
      0.659977,
      0.665474,
      0.64927,
      0.646958,
      0.64322,
      0.639283,
      0.635026,
      0.644017,
      0.633807,
      0.631743,
      0.621557,
      0.624769,
      0.619304,
      0.632542,
      0.626796,
      0.627585,
      0.617116,
      0.625142,
      0.616503,
      0.618843,
      0.620691,
      0.614099,
      0.618627,
      0.60948,
      0.609742,
      0.600708,
      0.614823,
      0.615604,
      0.607286,
      0.627341,
      0.60422,
      0.601987,
      0.610867,
      0.615948,
      0.609643,
      0.600082,
      0.603717,
      0.609095,
      0.607946,
      0.613213,
      0.597096,
      0.594894,
      0.598336,
      0.598209,
      0.600537,
      0.601922
    ],
    "val_losses": [
      2.315078,
      1.985105,
      1.730178,
      1.507885,
      1.384507,
      1.263147,
      1.183101,
      1.099568,
      1.106858,
      1.078272,
      1.085618,
      1.050972,
      1.034187,
      1.024681,
      1.014838,
      1.00128,
      1.021789,
      1.008689,
      0.983331,
      1.019962,
      0.966088,
      0.958334,
      0.936394,
      0.961137,
      0.947489,
      0.925144,
      0.937002,
      0.953824,
      0.924182,
      0.935176,
      0.93571,
      0.935503,
      0.94284,
      0.920726,
      0.92619,
      0.902996,
      0.914578,
      0.919957,
      0.937453,
      0.938938,
      0.918136,
      0.943718,
      0.915723,
      0.905451,
      0.91101,
      0.904068,
      0.892872,
      0.915597,
      0.943862,
      0.923469,
      0.927246,
      0.912152,
      0.910269,
      0.89576,
      0.902749,
      0.926026,
      0.896983,
      0.881475,
      0.916782,
      0.906425,
      0.906928,
      0.899952,
      0.893056,
      0.890168,
      0.890917,
      0.896761,
      0.901093,
      0.896325,
      0.880039,
      0.901896,
      0.899168,
      0.912739,
      0.897773,
      0.905036,
      0.903843,
      0.896504,
      0.887754,
      0.903775,
      0.900438,
      0.886524
    ],
    "val_accuracies": [
      0.192118,
      0.26601,
      0.438424,
      0.62069,
      0.625616,
      0.699507,
      0.748768,
      0.82266,
      0.827586,
      0.832512,
      0.842365,
      0.842365,
      0.852217,
      0.862069,
      0.857143,
      0.857143,
      0.842365,
      0.857143,
      0.857143,
      0.857143,
      0.871921,
      0.871921,
      0.8867,
      0.866995,
      0.881773,
      0.876847,
      0.881773,
      0.871921,
      0.891626,
      0.8867,
      0.8867,
      0.866995,
      0.891626,
      0.8867,
      0.876847,
      0.906404,
      0.891626,
      0.8867,
      0.8867,
      0.871921,
      0.871921,
      0.881773,
      0.891626,
      0.901478,
      0.8867,
      0.891626,
      0.8867,
      0.866995,
      0.866995,
      0.881773,
      0.881773,
      0.891626,
      0.891626,
      0.8867,
      0.8867,
      0.8867,
      0.906404,
      0.896552,
      0.896552,
      0.881773,
      0.901478,
      0.881773,
      0.8867,
      0.881773,
      0.8867,
      0.896552,
      0.891626,
      0.896552,
      0.896552,
      0.881773,
      0.891626,
      0.891626,
      0.881773,
      0.891626,
      0.8867,
      0.871921,
      0.901478,
      0.891626,
      0.871921,
      0.891626
    ],
    "epoch_times": [
      14.7,
      13.89,
      14.05,
      14.39,
      15.01,
      14.99,
      14.9,
      15.05,
      14.96,
      15.02,
      15.06,
      15.1,
      15.28,
      15.2,
      15.16,
      15.37,
      15.42,
      15.38,
      15.42,
      15.47,
      15.55,
      15.28,
      15.46,
      15.32,
      15.43,
      15.42,
      15.48,
      15.5,
      15.48,
      15.31,
      15.55,
      15.5,
      15.59,
      15.54,
      15.73,
      15.53,
      15.38,
      15.66,
      15.62,
      15.64,
      15.61,
      15.57,
      15.67,
      15.57,
      15.54,
      15.63,
      15.67,
      15.52,
      15.66,
      15.72,
      15.68,
      15.56,
      15.57,
      15.68,
      15.57,
      15.56,
      15.64,
      15.55,
      15.66,
      15.53,
      15.59,
      15.52,
      15.87,
      15.91,
      15.64,
      15.6,
      15.59,
      15.54,
      15.61,
      15.57,
      15.58,
      15.62,
      15.59,
      15.57,
      15.73,
      15.67,
      15.63,
      15.59,
      15.66,
      15.66
    ]
  }
}