{
  "model": "ViT",
  "config": {
    "model_name": "google/vit-base-patch16-224-in21k",
    "num_labels": 11,
    "patch_size": 16,
    "image_size": 224,
    "hidden_dropout_prob": 0.1,
    "attention_probs_dropout_prob": 0.1,
    "num_epochs": 25,
    "learning_rate": 2e-05,
    "weight_decay": 0.01,
    "warmup_steps": 100,
    "lr_scheduler": "cosine",
    "label_smoothing": 0.1,
    "platform": "Kaggle (T4 GPU)",
    "notes": "Phase 2 \u2014 with augmentation. No timing data recorded on Kaggle."
  },
  "data": {
    "train_images": 717,
    "val_images": 203,
    "test_images": 106,
    "num_classes": 11,
    "class_labels": [
      "Level 0",
      "Level 1",
      "Level 2",
      "Level 3",
      "Level 4",
      "Level 5",
      "Level 6",
      "Level 7",
      "Level 8",
      "Level 9",
      "Level 10"
    ],
    "laser_crops_total": 1026,
    "augmentation": [
      "RandomHorizontalFlip(p=0.5)",
      "RandomVerticalFlip(p=0.5)",
      "RandomRotation(degrees=15)",
      "ColorJitter(brightness=0.3, contrast=0.3, saturation=0.2, hue=0.1)",
      "RandomResizedCrop(224, scale=(0.7,1.0))",
      "GaussianBlur(kernel_size=3)",
      "RandomAdjustSharpness(sharpness_factor=2, p=0.3)"
    ]
  },
  "training_curves": {
    "epochs": [
      1,
      2,
      3,
      4,
      5,
      6,
      7,
      8,
      9,
      10,
      11,
      12,
      13,
      14,
      15,
      16,
      17,
      18,
      19,
      20,
      21,
      22,
      23,
      24,
      25
    ],
    "train_losses": [
      4.673071,
      4.453415,
      4.095893,
      3.64777,
      3.428395,
      3.116595,
      2.688093,
      2.507006,
      2.27815,
      2.079329,
      1.984986,
      1.81455,
      1.846718,
      1.59063,
      1.65684,
      1.560463,
      1.605761,
      1.555979,
      1.414505,
      1.446769,
      1.404795,
      1.36859,
      1.344135,
      1.435816,
      1.418155
    ],
    "val_losses": [
      4.751688,
      4.460595,
      4.137558,
      3.76113,
      3.428313,
      3.167595,
      2.809613,
      2.599695,
      2.414394,
      2.290302,
      2.129147,
      1.91439,
      1.913347,
      1.790328,
      1.751759,
      1.67669,
      1.670827,
      1.611479,
      1.599333,
      1.581134,
      1.574428,
      1.565577,
      1.563511,
      1.564832,
      1.56456
    ],
    "val_accuracies": [
      0.133005,
      0.339901,
      0.389163,
      0.453202,
      0.55665,
      0.748768,
      0.837438,
      0.857143,
      0.876847,
      0.862069,
      0.866995,
      0.940887,
      0.8867,
      0.896552,
      0.921182,
      0.945813,
      0.926108,
      0.945813,
      0.945813,
      0.945813,
      0.945813,
      0.945813,
      0.945813,
      0.945813,
      0.945813
    ]
  },
  "summary": {
    "best_val_accuracy": 0.945813,
    "best_val_accuracy_pct": 94.58,
    "final_val_accuracy": 0.945813,
    "plateau_start_epoch": 16,
    "best_train_loss": 1.344135,
    "best_val_loss": 1.563511,
    "final_train_loss": 1.418155,
    "final_val_loss": 1.56456,
    "avg_epoch_time_seconds": null,
    "inference_latency_ms_per_image": null,
    "peak_gpu_memory_gb": null,
    "model_parameters_millions": 86.0
  }
}